close_siu9,close_sih9,close_sim9,close_siz9,return_siu9,return_sih9,return_sim9,return_siz9,alpha_siu9,alpha_sih9,alpha_sim9,alpha_siz9
64829.0,64988.0,67300.0,61893.0,-0.010108259150112264,0.0012942191544433879,-0.004084290280573,-0.01897289586305273,0.15239142819561083,-0.5,0.06157448278470965,0.2860340890196795
65235.0,64672.0,67299.0,60949.0,0.006262629378827267,-0.004862436142056947,-1.4858841010378931e-05,-0.015252128673678755,-0.5,0.12077931849845519,0.00036908262411674186,0.3788515988774281
65901.0,64044.0,67110.0,61523.0,0.010209243504253784,-0.009710539336961865,-0.002808362679980414,0.009417709888595471,-0.26008222722873914,0.38783510422161,0.11216489577838999,-0.2399177727712609
64500.0,64625.0,65571.0,62350.0,-0.021259161469476928,0.009071888076947143,-0.022932498882431873,0.013442127334492682,0.24053363576051592,-0.20147201445765944,0.2594663642394841,-0.29852798554234056
64604.0,67591.0,65898.0,61597.0,0.0016124031007751505,0.04589555125725342,0.004986960699089549,-0.01207698476343222,-0.015357707494342487,-0.43714282809407223,-0.04749946441158528,0.5
64168.0,66568.0,65150.0,62250.0,-0.006748808123336003,-0.015135151129588298,-0.011350875595617427,0.01060116564118374,0.10153214472242407,0.22770011041972119,0.17076774485785476,-0.5
63847.0,66562.0,64300.0,62270.0,-0.005002493454681511,-9.013339742824922e-05,-0.01304681504221028,0.0003212851405622885,0.13788994953168682,0.0024844589473414966,0.3596255915209717,-0.5
63599.0,67109.0,64650.0,65500.0,-0.0038842858709101646,0.008217902106306907,0.005443234836703059,0.051870884856271005,0.5,-0.06270142352297359,-0.04153110713854691,-0.3957674693384795
62503.0,67000.0,64238.0,65209.0,-0.017232975361247793,-0.0016242232785468325,-0.0063727764887857585,-0.004442748091603055,0.29038412203309155,0.02736896216930357,0.10738442241207886,0.07486249338552603
61997.0,66255.0,62890.0,66806.0,-0.008095611410652293,-0.011119402985074633,-0.020984464024409233,0.024490484442331484,0.10069299066573402,0.13830282657977047,0.2610041827544955,-0.5
61200.0,64534.0,64080.0,66500.0,-0.012855460748100733,-0.025975398083163515,0.01892192717443164,-0.004580426907762725,0.14806588343620064,0.2991779400329014,-0.5,0.052756176530898015
60978.0,63666.0,63737.0,66010.0,-0.0036274509803921884,-0.01345027427402612,-0.005352684144818931,-0.00736842105263158,0.06086566025219112,0.22568460020186115,0.08981366153723057,0.12363607800871716
64800.0,62112.0,60291.0,66898.0,0.06267834300895414,-0.02440863255112624,-0.054065927169462014,0.013452507195879315,-0.41164877865093624,0.15551939786622654,0.34448060213377346,-0.08835122134906377
65157.0,64300.0,61363.0,71500.0,0.005509259259259158,0.035226687274600765,0.017780431573535038,0.06879129420909447,-0.021637577527782573,-0.1383525699339884,-0.06983252167761157,-0.27017733086061746
65029.0,63003.0,59492.0,71348.0,-0.0019644857804994587,-0.020171073094867764,-0.030490686570082914,-0.002125874125874172,0.01793981489557102,0.1842035820055457,0.2784429790920095,0.01941362400687379
65900.0,62477.0,59775.0,69359.0,0.013394024204585575,-0.008348808786883155,0.004756942109863438,-0.0278774457588159,-0.368961739351676,0.11523146529475214,-0.13103826064832402,0.38476853470524786
65500.0,61497.0,60350.0,68836.0,-0.006069802731411222,-0.015685772364230077,0.009619406106231798,-0.007540477803889889,0.10359420690949726,0.26771136060587003,-0.5,0.1286944324846327
65195.0,61457.0,60001.0,70100.0,-0.0046564885496183095,-0.0006504382327593428,-0.005782932891466475,0.018362484746353713,0.2099435288888651,0.029325809878975616,0.26073066123215927,-0.5
65978.0,60500.0,62999.0,69985.0,0.012010123475726608,-0.01557186325398241,0.04996583390276821,-0.0016405135520685121,-0.09689340821618377,0.45234494426441446,-0.40310659178381625,0.04765505573558552
65500.0,60300.0,67350.0,68600.0,-0.007244839188820462,-0.0033057851239669533,0.06906458832679885,-0.019789954990355074,0.11939190607461615,0.054477949991293684,-0.5,0.3261301439340902
65292.0,60150.0,64700.0,69011.0,-0.003175572519083958,-0.0024875621890547706,-0.039346696362286604,0.005991253644314964,0.03527643232114389,0.027633542827150002,0.4370900248517061,-0.5
64437.0,59880.0,64401.0,68899.0,-0.013095019297923227,-0.0044887780548628076,-0.0046213292117465166,-0.0016229296778774716,0.2747815257086779,0.09419102442089927,0.09697243377160808,0.034055016098814714
64877.0,59750.0,64457.0,68675.0,0.006828375001939779,-0.0021710086840347476,0.0008695517150354437,-0.003251135720402365,-0.4435203953606147,0.20019834608777132,-0.0564796046393853,0.2998016539122287
66761.0,58920.0,64990.0,69100.0,0.029039567180973336,-0.01389121338912136,0.008269078610546599,0.00618856934838008,-0.33380949892508555,0.5,-0.09505296585023634,-0.07113753522467813
65700.0,59056.0,65020.0,69124.0,-0.015892512095385003,0.0023082145281738686,0.000461609478381364,0.0003473227206947094,0.5,-0.3702447671127528,-0.07404359158745992,-0.0557116412997873
65051.0,59250.0,66449.0,69632.0,-0.009878234398782326,0.0032850176104037843,0.021977852968317446,0.007349111741218772,0.5,-0.05036519366066288,-0.33695978295191653,-0.11267502338742058
64650.0,59900.0,65656.0,70987.0,-0.006164394090790282,0.010970464135021007,-0.01193396439374561,0.019459443933823595,0.17030257456933004,-0.18025792437823732,0.32969742543067,-0.3197420756217627
65129.0,60150.0,65198.0,70996.0,0.00740912606341837,0.004173622704507496,-0.006975752406482294,0.0001267837773113456,-0.31637155602902317,-0.1782147446272351,0.5,-0.005413699343741703
65800.0,60900.0,64556.0,71064.0,0.01030263016474997,0.012468827930174564,-0.009846927819871731,0.0009578004394614759,-0.21708706468473202,-0.26273109022993735,0.5,-0.020181845085330618
65970.0,61200.0,64369.0,70040.0,0.0025835866261398888,0.0049261083743843415,-0.002896709833323019,-0.014409546324439915,-0.17201674808094977,-0.32798325191905026,0.08368967288236007,0.41631032711763993
66123.0,60667.0,65633.0,69627.0,0.0023192360163710735,-0.008709150326797421,0.01963678168062266,-0.005896630496858957,-0.05281549797367462,0.29814052504100197,-0.44718450202632537,0.20185947495899803
68500.0,59555.0,64555.0,69879.0,0.035948157222146504,-0.01832956961774934,-0.01642466442186097,0.0036192856219570135,-0.45426434763276125,0.2637026843529144,0.2362973156470856,-0.04573565236723875
69977.0,59104.0,65200.0,69168.0,0.021562043795620545,-0.007572831836117899,0.00999148013321971,-0.01017473060576135,-0.3416741002407121,0.2133485052079081,-0.15832589975928793,0.2866514947920919
69333.0,59354.0,63701.0,70756.0,-0.009203023850693826,0.00422983216025985,-0.022990797546012298,0.02295859356928065,0.14293152305981643,-0.07778736809435963,0.35706847694018357,-0.4222126319056404
69600.0,59403.0,64199.0,70512.0,0.0038509800527886107,0.000825555143713963,0.007817773661324079,-0.0034484708010628085,-0.15410936677687018,-0.033037247322280694,-0.31285338590084916,0.5
70638.0,58497.0,64685.0,69160.0,0.014913793103448203,-0.01525175496187059,0.007570211374009039,-0.019174041297935096,-0.33165340094112167,0.22151637171683938,-0.16834659905887833,0.27848362828316064
69950.0,58567.0,64999.0,69720.0,-0.00973980010759079,0.0011966425628664457,0.004854293885754091,0.00809716599190291,0.5,-0.04228986070382781,-0.17155282505766523,-0.286157314238507
70100.0,58890.0,65469.0,69215.0,0.0021443888491778917,0.005515051138012872,0.007230880475084245,-0.007243258749282888,-0.07200613494554242,-0.1851891351829999,-0.24280472987145768,0.5
70800.0,59751.0,64500.0,69780.0,0.009985734664764712,0.014620478858889507,-0.014800898134995188,0.008162970454381302,-0.1523647136202405,-0.22308274244316398,0.5,-0.12455254393659551
70300.0,59005.0,65516.0,69400.0,-0.007062146892655385,-0.012485146692105542,0.015751937984496145,-0.005445686443106945,0.14128260985246444,0.24977306984169662,-0.5,0.10894432030583892
71100.0,59143.0,63777.0,69535.0,0.011379800853485111,0.002338784848741726,-0.026543134501495813,0.0019452449567722851,-0.3632508899394681,-0.0746555839263385,0.5,-0.062093526134193444
70925.0,59505.0,65000.0,69807.0,-0.0024613220815752346,0.006120758162419859,0.019176192044153773,0.003911699144315772,0.5,-0.10477646687612897,-0.32826221804689265,-0.0669613150769784
71207.0,59600.0,65050.0,70140.0,0.003976031018681603,0.001596504495420481,0.0007692307692308553,0.004770295242597422,-0.17890609269051488,-0.0718365575863212,-0.034612423960928854,-0.21464492576223507
72221.0,60080.0,64983.0,70881.0,0.014240173016697888,0.008053691275167862,-0.0010299769408147474,0.010564585115483416,-0.2166896684648928,-0.12255129837877503,0.5,-0.16075903315633217
72520.0,59799.0,65355.0,71650.0,0.004140070062724099,-0.004677097203728331,0.005724574119384984,0.010849169735190012,-0.09993500181216095,0.5,-0.13818252259677102,-0.26188247559106803
72900.0,59320.0,66311.0,71724.0,0.005239933811362452,-0.00801016739410354,0.014627802004437251,0.0010327983251918749,-0.12535406454243506,0.5,-0.3499384730017065,-0.024707462455858465
72800.0,59098.0,66727.0,71496.0,-0.00137174211248281,-0.003742414025623697,0.0062734689568850754,-0.003178852267023635,0.08270473424542991,0.22563669556325303,-0.5,0.19165857019131705
71435.0,59110.0,65650.0,72247.0,-0.018750000000000044,0.00020305255677000034,-0.016140392944385296,0.010504084144567605,0.2686986075205173,-0.00948211283902977,0.2313013924794827,-0.4905178871609702
71000.0,59380.0,65980.0,72650.0,-0.006089451949324531,0.004567755032989451,0.0050266565118051165,0.005578086287319817,0.5,-0.15052745709810741,-0.16565026297666044,-0.18382227992523215
70885.0,59430.0,65400.0,72722.0,-0.001619718309859186,0.0008420343550017417,-0.008790542588663186,0.0009910529938059742,0.07779431878066996,-0.22967654966071888,0.42220568121933005,-0.2703234503392811
69690.0,59591.0,64800.0,70224.0,-0.01685829159906893,0.0027090694935218984,-0.00917431192660545,-0.034349990374302086,0.13959562276336313,-0.5,0.07596818332947622,0.2844361939071607
68650.0,59680.0,65240.0,70000.0,-0.0149232314535801,0.0014935141212599756,0.006790123456790198,-0.0031897926634768536,0.411947539989387,-0.09014844669312073,-0.4098515533068793,0.08805246001061304
68450.0,59675.0,65370.0,70500.0,-0.0029133284777859147,-8.378016085786033e-05,0.001992642550582513,0.0071428571428571175,0.4860231691675061,0.01397683083249391,-0.10906040268456613,-0.3909395973154339
68660.0,60000.0,65440.0,70107.0,0.003067932797662598,0.005446166736489344,0.001070827596757029,-0.005574468085106421,-0.16003944295879355,-0.2841005811576194,-0.05585997588358707,0.5
68000.0,64890.0,65100.0,70000.0,-0.009612583745994718,0.0814999999999999,-0.005195599022004838,-0.0015262384640620796,0.29424316936087347,-0.5,0.15903835673732897,0.046718473901797584
68100.0,66350.0,64760.0,69332.0,0.0014705882352941124,0.022499614732624407,-0.005222734254992312,-0.009542857142857186,-0.030675339655286463,-0.46932466034471354,0.1768548957596431,0.3231451042403569
67912.0,64170.0,64200.0,69592.0,-0.002760646108663778,-0.03285606631499627,-0.00864731315626932,0.0037500721167715856,0.03118385723502222,0.3711373500775107,0.09767879268746708,-0.5
68100.0,64500.0,64000.0,69136.0,0.0027682883731887653,0.00514258999532502,-0.0031152647975077885,-0.006552477296240977,-0.17496719354243107,-0.32503280645756893,0.16111646169802885,0.33888353830197115
69640.0,64664.0,64105.0,69378.0,0.022613803230543406,0.0025426356589146604,0.0016406250000000622,0.003500347141865312,-0.3731969574423996,-0.04196126950065004,-0.027075333240584105,-0.057766439816366234
69280.0,63875.0,64702.0,69489.0,-0.005169442848937389,-0.012201534083879695,0.009312846111847684,0.001599930813802608,0.1487953978907003,0.3512046021092997,-0.4266946064827002,-0.07330539351729982
69600.0,63390.0,64340.0,69249.0,0.004618937644341736,-0.007592954990215284,-0.0055948811474143545,-0.0034537840521521312,-0.5,0.22813148310155174,0.16809905176329237,0.10376946513515589
69400.0,63550.0,65107.0,69170.0,-0.002873563218390829,0.002524057422306436,0.011921044451352225,-0.0011408106976273924,0.3579092628771686,-0.08736724200295105,-0.41263275799704896,0.14209073712283138
69140.0,64050.0,65466.0,69164.0,-0.0037463976945244504,0.007867820613689958,0.005514000030718558,-8.67428075755905e-05,0.4886851515711377,-0.2939742215487495,-0.2060257784512505,0.01131484842886234
69000.0,63780.0,65288.0,69050.0,-0.0020248770610356015,-0.004215456674473095,-0.0027189686249350364,-0.0016482563183158883,0.0954450087129934,0.19870060596101377,0.12816184700346975,0.07769253832252308
68240.0,64370.0,65000.0,68930.0,-0.011014492753623206,0.009250548761367217,-0.0044112241146918585,-0.0017378711078928077,0.3208680134040584,-0.5,0.12850530206174512,0.050626684534196484
68240.0,65000.0,64800.0,68175.0,0.0,0.009787167935373597,-0.003076923076923088,-0.01095314086754684,-0.0,-0.5,0.10965463482922629,0.39034536517077373
68340.0,64000.0,64888.0,68538.0,0.0014654161781946229,-0.01538461538461533,0.0013580246913580396,0.005324532453245379,-0.08992519490057646,0.5,-0.08333512135823301,-0.32673968374119056
68220.0,65210.0,64800.0,68359.0,-0.0017559262510974394,0.018906249999999902,-0.0013561829614103793,-0.002611689865476108,0.15338818040027385,-0.5,0.11846877772376864,0.22814304187595752
67940.0,66200.0,64300.0,68670.0,-0.004104368220463228,0.01518172059500067,-0.007716049382716084,0.0045495106716013645,0.17361350327247682,-0.3847129555644591,0.3263864967275232,-0.11528704443554087
68200.0,65130.0,64470.0,68438.0,0.003826906093612026,-0.01616314199395774,0.002643856920684362,-0.0033784767729722054,-0.2957074834263694,0.41355688560741033,-0.20429251657363065,0.08644311439258968
68500.0,64960.0,65488.0,68538.0,0.004398826979472137,-0.0026101642868110453,0.015790290057390965,0.001461176539349518,-0.10158816008631794,0.5,-0.3646668808856224,-0.0337449590280597
68200.0,65670.0,65338.0,68213.0,-0.004379562043795637,0.010929802955665036,-0.002290495968727102,-0.004741895007149277,0.19188486126108795,-0.5,0.10035512610237383,0.2077600126365382
68280.0,64190.0,65538.0,68427.0,0.001173020527859281,-0.022536927059540135,0.0030610058465212475,0.0031372319059417286,-0.07956718400375999,0.5,-0.2076311621512892,-0.2128016538449508
68281.0,63980.0,65388.0,69900.0,1.4645577035787838e-05,-0.0032715376226826187,-0.002288748512313421,0.02152659038099003,-0.0003399428209301797,0.29418788379358723,0.20581211620641274,-0.4996600571790698
68380.0,64800.0,68300.0,68978.0,0.001449890892049055,0.012816505157861924,0.044534165290267325,-0.01319027181688126,-0.012328886485122273,-0.10898284698095588,-0.37868826653392185,0.5
68680.0,64300.0,69790.0,68811.0,0.004387247733255384,-0.007716049382716084,0.021815519765739477,-0.0024210617878164253,-0.08371725874802498,0.3805842341527145,-0.416282741251975,0.11941576584728554
68419.0,63845.0,70300.0,68295.0,-0.0038002329644729604,-0.007076205287713799,0.007307637197306205,-0.007498801063783422,0.10340635294937693,0.19254729601164347,-0.5,0.2040463510389796
68607.0,64500.0,68700.0,68110.0,0.002747774740934572,0.010259221552196829,-0.022759601706970112,-0.0027088366644703044,-0.10562679803274751,-0.3943732019672525,0.4468197338022123,0.05318026619778771
68817.0,64008.0,69780.0,68028.0,0.003060912151821249,-0.007627906976744203,0.015720524017467152,-0.0012039348113346282,-0.08148770211796913,0.43184123763631654,-0.41851229788203087,0.06815876236368344
69870.0,63100.0,68983.0,68000.0,0.015301451676184685,-0.014185726784151975,-0.011421610776726876,-0.00041159522549538696,-0.5,0.27260393231003016,0.21948653448822886,0.00790953320174096
70362.0,63300.0,69700.0,68300.0,0.007041648776298759,0.0031695721077653616,0.010393865155183146,0.004411764705882337,-0.1407381138425199,-0.06334874321425986,-0.2077372819839578,-0.08817586095926243
70300.0,63540.0,69320.0,68465.0,-0.0008811574429379299,0.0037914691943128354,-0.005451936872309937,0.0024158125915081374,0.06956768674804133,-0.30540495221060576,0.4304323132519587,-0.19459504778939427
69800.0,63951.0,69488.0,68428.0,-0.007112375533428139,0.006468366383380442,0.0024235429890362425,-0.0005404221134885923,0.46469120585552626,-0.36372201472530524,-0.13627798527469476,0.03530879414447377
69420.0,64275.0,69960.0,68090.0,-0.005444126074498512,0.005066378946380734,0.00679253971908822,-0.0049394984509265605,0.2621496020569776,-0.21361049389490805,-0.28638950610509195,0.23785039794302237
68547.0,64600.0,70275.0,68178.0,-0.012575626620570435,0.005056398288603603,0.004502572898799295,0.0012924071082391908,0.5,-0.23298414960955935,-0.20746548392878014,-0.05955036646166051
68498.0,64088.0,69740.0,68130.0,-0.0007148379943687777,-0.007925696594427212,-0.007612949128424029,-0.000704039426207892,0.021077311477703087,0.2336926368134992,0.22447114074482385,0.02075891096397385
68736.0,64090.0,69225.0,68500.0,0.0034745540015765908,3.12070902508399e-05,-0.007384571264697493,0.0054307940701598945,-0.19440119478901724,-0.0017460357870101265,0.5,-0.30385276942397266
68400.0,63920.0,69788.0,68528.0,-0.004888268156424624,-0.0026525198938992522,0.008132899963885887,0.0004087591240875543,0.3241218373863905,0.1758781626136095,-0.47607261540892665,-0.02392738459107333
68142.0,63810.0,70300.0,68521.0,-0.0037719298245614263,-0.001720901126407992,0.007336504843239444,-0.00010214802708385928,0.33708167978441944,0.15378977590070983,-0.5,0.009128544314870757
68837.0,63988.0,70288.0,68211.0,0.010199289718529014,0.002789531421407254,-0.0001706970128022567,-0.004524160476350292,-0.39261799083404186,-0.10738200916595812,0.018179147417855764,0.48182085258214424
69704.0,63688.0,69488.0,67800.0,0.012594970727951571,-0.004688379071075777,-0.011381743683132273,-0.006025421119760788,-0.5,0.10609331677504534,0.2575574457015587,0.13634923752339598
69300.0,63990.0,70138.0,68005.0,-0.005795937105474547,0.004741866599673461,0.009354133087727368,0.0030235988200590924,0.5,-0.13849234249293804,-0.27319954622917336,-0.0883081112778886
70000.0,64138.0,70288.0,67670.0,0.010101010101010166,0.0023128613845913026,0.0021386409649548632,-0.0049261083743842304,-0.347053820958044,-0.07946605070600313,-0.0734801283359529,0.5
69381.0,64320.0,71740.0,66940.0,-0.008842857142857152,0.0028376313573856837,0.02065786478488496,-0.010787645928772016,0.22523256562989522,-0.06038670858881149,-0.4396132914111885,0.2747674343701048
68964.0,64181.0,71720.0,66605.0,-0.006010291001859347,-0.002161069651741343,-0.00027878449958185225,-0.005004481625336177,0.2233540588229177,0.08030953542284973,0.010360172161258006,0.18597623359297458
68741.0,64008.0,72800.0,66137.0,-0.003233571138565039,-0.002695501784017118,0.015058561070830923,-0.00702649951204859,0.12479460691067491,0.1040286640215116,-0.5,0.2711767290678135
69051.0,64997.0,72039.0,66993.0,0.00450968126736595,0.01545119360079994,-0.010453296703296755,0.012942830790631632,-0.06852847083745094,-0.23479412563777186,0.5,-0.19667740352477722
69263.0,65349.0,71000.0,66365.0,0.0030701944939248715,0.0054156345677491835,-0.014422743236302549,-0.009374113713373045,-0.18090126914005938,-0.3190987308599406,0.30303882707710195,0.19696117292289803
68651.0,65660.0,70588.0,66583.0,-0.008835886403996351,0.004759062877779385,-0.005802816901408492,0.003284864009643673,0.3017988075738239,-0.29581713909038226,0.19820119242617612,-0.20418286090961774
68876.0,65400.0,70240.0,67205.0,0.0032774467961136367,-0.003959792872372803,-0.004930016433388085,0.009341723863448559,-0.12985983328588024,0.2227152875937804,0.2772847124062196,-0.37014016671411976
68901.0,65560.0,70293.0,67426.0,0.0003629711365351618,0.0024464831804280607,0.0007545558086561321,0.0032884458001636308,-0.026484747984255545,-0.17851141305578824,-0.05505732665985108,-0.23994651230010514
68751.0,64820.0,69588.0,68000.0,-0.002177036617755923,-0.011287370347773051,-0.010029448166958277,0.0085130365141044,0.04633204311253119,0.24021962943333425,0.21344832745413456,-0.5
68769.0,64680.0,68753.0,67690.0,0.00026181437360905946,-0.002159827213822907,-0.011999195263551199,-0.004558823529411726,-0.5,0.057694331202423045,0.32052820765811135,0.12177746113946561
69220.0,64888.0,68438.0,67800.0,0.006558187555439243,0.0032158317872603703,-0.004581618256657927,0.0016250553996159933,-0.287663152654573,-0.1410567024059668,0.5,-0.07128014493946022
69151.0,64688.0,68535.0,67578.0,-0.0009968217278243374,-0.0030822340032055084,0.0014173412431690569,-0.0032743362831858525,0.06777972165072019,0.20957906210133248,-0.5,0.22264121624794733
69263.0,64700.0,67860.0,67728.0,0.0016196439675493224,0.00018550581251552956,-0.009848982271831952,0.002219657284915133,-0.20120765311235816,-0.023045304969972775,0.5,-0.2757470419176691
70005.0,64254.0,67766.0,67500.0,0.010712790378701431,-0.006893353941267333,-0.0013852048334807021,-0.0033664068036853845,-0.5,0.29598000504329036,0.05947655337196161,0.144543441584748
70560.0,64988.0,67943.0,67228.0,0.007928005142489924,0.01142341332835306,0.0026119292860726784,-0.004029629629629605,-0.18048262109754215,-0.26005628683714976,-0.059461092065308044,0.5
70930.0,64827.0,67588.0,67155.0,0.005243764172335519,-0.0024773804394657706,-0.005224967987872198,-0.001085857083358177,-0.5,0.1409491639931807,0.29727160917623496,0.06177922683058435
70577.0,64870.0,67400.0,66577.0,-0.00497673762864792,0.0006633038703010019,-0.002781558856601807,-0.008606954061499472,0.15205198400205677,-0.5,0.08498369299803775,0.26296432299990546
71288.0,64688.0,67256.0,66740.0,0.010074103461467532,-0.002805611222444937,-0.002136498516320473,0.002448292954023268,-0.4022434335733609,0.28384752370409805,0.21615247629590195,-0.09775656642663912
71558.0,64488.0,67288.0,66540.0,0.0037874537088991023,-0.0030917635419243084,0.0004757939812061185,-0.0029967036260113433,-0.44419817756420626,0.25390327784034006,-0.055801822435793715,0.24609672215965994
71845.0,64150.0,67720.0,66496.0,0.004010732552614638,-0.00524128520034739,0.0064201640708596575,-0.0006612563871355448,-0.19225253098514333,0.44398545293286706,-0.30774746901485667,0.056014547067132936
72000.0,63550.0,68997.0,66400.0,0.0021574222284084232,-0.009353078721745955,0.01885705847607788,-0.0014436958614052475,-0.051331799694385095,0.4331422615945788,-0.4486682003056149,0.06685773840542121
72252.0,63215.0,68612.0,66094.0,0.0035000000000000586,-0.005271439811172285,-0.005579952751568862,-0.004608433734939799,-0.5,0.17048832598989253,0.18046621754106915,0.14904545646903833
71344.0,63618.0,68783.0,66115.0,-0.012567126169517828,0.006375069208257589,0.002492275403719546,0.0003177292946410226,0.5,-0.3470341813833493,-0.1356698611822697,-0.017295957434381008
70075.0,63750.0,68638.0,66164.0,-0.017787059878896616,0.002074884466660487,-0.0021080790311559516,0.0007411328745368095,0.4470202484967123,-0.3684076153057887,0.052979751503287736,-0.1315923846942113
69200.0,63739.0,68600.0,65910.0,-0.01248662147698898,-0.0001725490196078372,-0.0005536291849995711,-0.0038389456502024855,0.3661391028900531,0.005059570626065471,0.016233798189770585,0.11256752829411087
68979.0,63988.0,68383.0,65840.0,-0.0031936416184971117,0.0039065564254223695,-0.0031632653061224314,-0.0010620543164922003,0.21523509253557843,-0.5,0.21318788461876442,0.07157702284565715
69528.0,64688.0,68292.0,66300.0,0.007958944026442927,0.010939551165843664,-0.0013307400962226934,0.00698663426488455,-0.15373583585146033,-0.21130957030645645,0.5,-0.13495459384208322
69347.0,65088.0,67592.0,66763.0,-0.0026032677482452637,0.006183527083848617,-0.010250102501024982,0.00698340874811465,0.1012679047502372,-0.23481268393660185,0.3987320952497628,-0.2651873160633981
69271.0,64920.0,67188.0,66809.0,-0.0010959378199489889,-0.002581120943952797,-0.005977038702805082,0.0006890043886584873,0.05676024215253893,0.1336800748518468,0.30955968299561426,-0.5
69120.0,64638.0,67260.0,66532.0,-0.002179844379321838,-0.004343807763401153,0.001071619932130785,-0.004146147974075309,0.10215019754165491,0.20355619204910674,-0.5,0.19429361040923834
68670.0,64309.0,67738.0,66591.0,-0.00651041666666663,-0.00508988520684428,0.007106749925661626,0.0008867913184633647,0.2806141054627662,0.21938589453723378,-0.4445307598109205,-0.05546924018907948
68788.0,64438.0,67538.0,67503.0,0.00171836318625318,0.0020059400705967345,-0.0029525524816204074,0.013695544442942742,-0.049321992243182275,-0.057576280377600854,0.5,-0.3931017273792169
68490.0,64320.0,67070.0,67175.0,-0.004332150956562142,-0.0018312176045190975,-0.006929432319583095,-0.00485904330177922,0.12066033195628098,0.05100360681355461,0.19300057000160192,0.13533549122856248
68524.0,64195.0,67388.0,67228.0,0.0004964228354504829,-0.001943407960198984,0.004741315043983896,0.000788983997022763,-0.0411851455589576,0.5,-0.3933577109726455,-0.06545714346839693
68665.0,63776.0,67488.0,67250.0,0.0020576732239798723,-0.006526988083184082,0.0014839437288538537,0.00032724460046407167,-0.26592748223646334,0.5,-0.19178041245608127,-0.04229210530745538
68300.0,63804.0,67438.0,66910.0,-0.005315663001529192,0.00043903662819877454,-0.0007408724513987552,-0.005055762081784376,0.2391792959522661,-0.5,0.03333570078934784,0.22748500325838605
67892.0,64350.0,67793.0,67262.0,-0.005973645680819928,0.008557457212713837,0.00526409442747422,0.005260798086982543,0.5,-0.22422440986209402,-0.13793098079475205,-0.13784460934315396
68250.0,64768.0,67431.0,67319.0,0.005273080775349159,0.006495726495726606,-0.005339784343516341,0.0008474324284142298,-0.2089798902426656,-0.25743512530081336,0.5,-0.03358498445652102
68238.0,64656.0,67436.0,66954.0,-0.00017582417582417964,-0.0017292490118576698,7.414987172071896e-05,-0.005421946255886101,0.011998342380442808,0.1180049421989522,-0.5,0.36999671542060497
68188.0,65188.0,67685.0,66420.0,-0.000732729564172474,0.008228161346201412,0.0036923898214602513,-0.007975625056008573,0.04207049414790831,-0.3451250378641447,-0.15487496213585528,0.4579295058520917
67965.0,64900.0,67505.0,66332.0,-0.0032703701531061613,-0.004417991041295921,-0.0026593780010342183,-0.0013249021379102555,0.1400869803033922,0.189245557844502,0.11391500539971497,0.05675245645239083
67480.0,66449.0,67734.0,66610.0,-0.00713602589568163,0.02386748844375952,0.0033923413080512166,0.00419103901585971,0.5,-0.3794408450219637,-0.05393080447333039,-0.06662835050470592
67638.0,67800.0,67588.0,66306.0,0.0023414344991108393,0.020331381962106265,-0.0021554905955649684,-0.004563879297402762,-0.051635281022893005,-0.448364718977107,0.1603938040247519,0.3396061959752481
67644.0,69300.0,67888.0,66275.0,8.870753126943853e-05,0.022123893805309658,0.004438657749896491,-0.0004675293336953157,-0.0016642277759112314,-0.4150628256159316,-0.08327294660815718,0.5
67600.0,69600.0,68300.0,66182.0,-0.0006504641949027778,0.0043290043290042934,0.006068819231675793,-0.0014032440588457318,0.15836333951415077,-0.20816877223107774,-0.29183122776892223,0.34163666048584923
67759.0,68125.0,69230.0,66535.0,0.0023520710059170558,-0.021192528735632155,0.01361639824304528,0.005333776555559,-0.05520711354804281,0.5,-0.3196000639555864,-0.12519282249637084
67900.0,69285.0,69538.0,66305.0,0.002080904381705828,0.017027522935779915,0.004448938321536922,-0.003456827233786708,-0.04416674626510062,-0.3614054983205317,-0.09442775541436764,0.5
67738.0,68338.0,70010.0,66220.0,-0.002385861561119307,-0.013668182146207686,0.006787655670281056,-0.001281954603725155,0.06881234983733986,0.3942138751102054,-0.5,0.03697377505245475
67688.0,69040.0,69040.0,66465.0,-0.0007381381204051296,0.010272469197225575,-0.013855163548064597,0.0036997885835095,0.02529030568866914,-0.3676023359442036,0.47470969431133087,-0.13239766405579642
67538.0,68707.0,68221.0,66890.0,-0.002216050112279877,-0.0048232908458863966,-0.011862688296639612,0.00639434288723395,0.05861937050267873,0.1275865882140687,0.31379404128325256,-0.5
67550.0,68930.0,67555.0,66931.0,0.00017767775178412215,0.0032456663804270036,-0.00976238987994904,0.0006129466287936314,-0.022010028799299468,-0.4020605269303068,0.5,-0.0759294442703937
69018.0,69256.0,67650.0,66973.0,0.021732050333086672,0.004729435659364567,0.0014062615646510679,0.0006275119152561182,-0.38132746877015905,-0.08298635890563331,-0.02467535987898618,-0.011010812445221469
68528.0,69758.0,67848.0,67096.0,-0.007099597206525865,0.007248469446690553,0.0029268292682926855,0.0018365610021948697,0.5,-0.3017213661063885,-0.12183081293011772,-0.07644782096349377
68070.0,68958.0,67624.0,67025.0,-0.006683399486341335,-0.011468218698930555,-0.003301497464921588,-0.001058185286753277,0.14844542981014885,0.2547213670825283,0.07332977943320444,0.02350342367411842
67978.0,68625.0,67250.0,67071.0,-0.0013515498751285326,-0.004829026363873612,-0.005530580858866707,0.0006863110779560255,0.05770351570872882,0.206172042758797,0.23612444153247417,-0.5
67478.0,69090.0,68004.0,66867.0,-0.007355320839094959,0.006775956284152951,0.011211895910780756,-0.00304155298116926,0.35372752263083806,-0.18834811990676142,-0.3116518800932386,0.1462724773691619
67234.0,69706.0,68853.0,66628.0,-0.003615993360799097,0.008915906788247163,0.01248455973178042,-0.0035742593506512543,0.25145106200792433,-0.2083110379837568,-0.2916889620162432,0.24854893799207564
67250.0,69757.0,68809.0,66479.0,0.00023797483416121423,0.0007316443347775703,-0.0006390425979986292,-0.002236297052290337,-0.12271561958787885,-0.37728438041212115,0.1111247149418342,0.3888752850581658
67175.0,69109.0,69138.0,66234.0,-0.0011152416356877692,-0.009289390312083423,0.004781351276722523,-0.0036853743287353913,0.03957562593663647,0.3296446477661398,-0.5,0.13077972629722373
67620.0,69570.0,67840.0,66216.0,0.006624488276888663,0.006670621771404539,-0.018774046110677234,-0.00027176374671622483,-0.2491325101043109,-0.25086748989568913,0.49286552399842615,0.007134476001573856
67650.0,69577.0,68687.0,65991.0,0.0004436557231588534,0.00010061808250672044,0.01248525943396217,-0.003397970279086615,-0.017025004464838706,-0.0038611545270364235,-0.4791138410081249,0.5
67625.0,69902.0,68203.0,65841.0,-0.0003695491500369519,0.004671083835175338,-0.007046457117067306,-0.0022730372323498393,0.019070466040211974,-0.5,0.3636301724450055,0.11729936151478251
67550.0,70867.0,68257.0,65665.0,-0.0011090573012938476,0.013805041343595281,0.000791754028415248,-0.0026731064230495205,0.14661677575663307,-0.472879183127639,-0.02712081687236099,0.35338322424336693
67450.0,70961.0,68355.0,65413.0,-0.001480384900074072,0.001326428379923028,0.001435750179468842,-0.0038376608543364554,0.13918504733118486,-0.24010547316228872,-0.25989452683771125,0.36081495266881514
67550.0,71963.0,68400.0,64564.0,0.00148257968865817,0.014120432350164247,0.0006583278472680476,-0.012979071438399048,-0.045586024861528504,-0.434171859424773,-0.02024211571369849,0.5
67729.0,71150.0,67740.0,64884.0,0.002649888971132386,-0.011297472312160384,-0.009649122807017574,0.004956322408772751,-0.1741924355489996,0.26967323920384606,0.23032676079615394,-0.3258075644510004
67788.0,70237.0,68000.0,64325.0,0.0008711187231467132,-0.012832044975404022,0.0038382049010923236,-0.008615375131002967,-0.09248873008674088,0.2991512478363471,-0.40751126991325914,0.2008487521636529
67766.0,69806.0,67872.0,64360.0,-0.00032454121673453074,-0.006136366872161347,-0.0018823529411764461,0.0005441119315974241,0.019449302590723177,0.36774391032736,0.11280678708191687,-0.5
67351.0,69208.0,67762.0,64556.0,-0.006124014992769267,-0.008566598859696906,-0.0016206977840641512,0.003045369794903774,0.18772294740093454,0.26259687297345874,0.049680179625606724,-0.5
67075.0,69267.0,67748.0,64611.0,-0.004097934700301398,0.0008525026008554537,-0.00020660547209350177,0.0008519734803891232,0.47600144686551343,-0.2500776074936094,0.02399855313448655,-0.24992239250639056
67260.0,68682.0,68349.0,64570.0,0.0027581065970927465,-0.008445580146390075,0.00887111058629042,-0.0006345668694185402,-0.11858522175653269,0.46505745621113,-0.3814147782434673,0.03494254378887004
66811.0,68026.0,68250.0,64380.0,-0.006675587273267891,-0.00955126525144867,-0.0014484484045120816,-0.0029425429766145594,0.16188858795695887,0.231626189796252,0.035126088138187524,0.07135913410860162
66035.0,67650.0,68412.0,64780.0,-0.011614853841433348,-0.005527298385911261,0.0023736263736264807,0.006213109661385552,0.33878050105358726,0.16121949894641271,-0.13821470486271648,-0.3617852951372835
66000.0,67835.0,69156.0,64914.0,-0.0005300219580525178,0.0027346637102734217,0.010875285037712734,0.0020685396727384564,0.5,-0.08721069394223636,-0.3468218601780908,-0.06596744587967285
65903.0,67066.0,69769.0,64892.0,-0.0014696969696970097,-0.011336330802682926,0.00886401758343447,-0.00033890994238527927,0.05590353494205432,0.4312051927773401,-0.5,0.012891272280605577
65418.0,67050.0,70165.0,65175.0,-0.0073593007905558006,-0.00023857095994994637,0.0056758732388308974,0.004361092276397693,0.48430014563393586,0.015699854366064157,-0.2827484676628198,-0.2172515323371802
66281.0,67150.0,69778.0,64920.0,0.0131920878045797,0.001491424310216205,-0.005515570441103068,-0.0039125431530494525,-0.4492143194844589,-0.05078568051554113,0.29250657546828457,0.20749342453171543
65639.0,66849.0,70358.0,65107.0,-0.009686033704983332,-0.004482501861504118,0.008312075439250277,0.002880468268638303,0.3418149200928539,0.15818507990714611,-0.37132200043998354,-0.12867799956001644
65886.0,66640.0,70534.0,64508.0,0.0037630067490364016,-0.0031264491615431433,0.002501492367605662,-0.009200239605572369,-0.30034378479196533,0.12681626106613964,-0.1996562152080347,0.37318373893386036
66514.0,66509.0,70928.0,64211.0,0.009531615214157796,-0.001965786314525819,0.0055859585448152504,-0.004604080114094411,-0.31524950253675127,0.1496062618535354,-0.18475049746324873,0.3503937381464646
66610.0,66510.0,71104.0,64356.0,0.0014433051688367282,1.5035559097320572e-05,0.002481389578163684,0.00225818006260603,-0.11643482101037406,-0.0012129538992078973,-0.20017953072485659,-0.18217269436556147
67291.0,66900.0,71387.0,63919.0,0.01022369013661617,0.0058637798827243515,0.003980085508550779,-0.006790353657778581,-0.2547318262656995,-0.14610100055720432,-0.09916717317709614,0.5
66965.0,68120.0,70338.0,64124.0,-0.004844630039678388,0.018236173393124,-0.014694552229397528,0.003207184092366866,0.12397217992448538,-0.42521730576620453,0.3760278200755146,-0.07478269423379548
67033.0,67836.0,69270.0,64083.0,0.0010154558351378462,-0.004169113329418717,-0.01518382666552931,-0.0006393861892582953,-0.5,0.10426783984527678,0.379741369904327,0.015990790250396226
66654.0,67926.0,68500.0,64407.0,-0.005653931645607346,0.0013267291703520367,-0.011115923199076061,0.005055943073826175,0.16857425714092653,-0.10393210865262416,0.3314257428590735,-0.39606789134737586
66992.0,67637.0,68459.0,64264.0,0.005070963483061686,-0.004254630038571405,-0.0005985401459853712,-0.0022202555622835574,-0.5,0.3007474872039145,0.04230907112107145,0.15694344167501406
66761.0,67950.0,68617.0,64300.0,-0.0034481729161690566,0.00462764463237586,0.0023079507442411717,0.0005601892194697644,0.5,-0.30868313870650316,-0.15394991109043119,-0.03736695020306569
66466.0,67515.0,68403.0,64495.0,-0.004418747472326623,-0.006401766004414999,-0.003118760656980024,0.0030326594090201997,0.15849991290568233,0.22963053681998977,0.11186955027432789,-0.5
66364.0,67457.0,68417.0,64345.0,-0.001534619203803489,-0.000859068355180348,0.0002046693858457349,-0.002325761686952532,0.162584564832947,0.09101362366806248,-0.5,0.24640181149899051
65780.0,66737.0,68296.0,64378.0,-0.008799951781086168,-0.010673466059860304,-0.001768566292003504,0.0005128603621105121,0.20713582417745824,0.2512351481165057,0.04162902770603601,-0.5
66050.0,66361.0,67900.0,64621.0,0.004104591061112828,-0.005634056070845217,-0.005798289797352751,0.0037745813787317672,-0.2604709499919121,0.24640857334966584,0.25359142665033413,-0.23952905000808786
65705.0,66416.0,68034.0,64714.0,-0.0052233156699470484,0.0008288000482210567,0.001973490427098712,0.0014391606443726612,0.5,-0.09770241655892964,-0.23264330666644817,-0.16965427677462216
65690.0,66843.0,67577.0,64830.0,-0.00022829312837679971,0.006429173693085932,-0.006717229620483822,0.0017925023951541608,0.01643455335411939,-0.3909892352899871,0.48356544664588064,-0.10901076471001295
65641.0,66688.0,67720.0,64691.0,-0.0007459278428985083,-0.0023188665978487455,0.0021161045917990062,-0.0021440691038099313,0.07160178381692671,0.222588533757211,-0.5,0.20580968242586228
65313.0,66250.0,67807.0,65031.0,-0.004996876951905094,-0.006567898272552775,0.0012847017129355986,0.005255754278029379,0.21603865422898164,0.2839613457710184,-0.09821193772347775,-0.40178806227652225
65316.0,66690.0,67501.0,66425.0,4.593266271646357e-05,0.006641509433962245,-0.00451280841211088,0.021435930556196192,-0.000816627921611815,-0.11807811097086393,0.5,-0.38110526110752424
65399.0,66605.0,67064.0,66324.0,0.0012707452997733348,-0.001274553906132847,-0.006473978163286431,-0.001520511855476081,-0.5,0.06875325634770016,0.3492257786101449,0.0820209650421549
65152.0,66678.0,67331.0,66500.0,-0.0037768161592685034,0.0010960138127769081,0.003981271621138038,0.00265363970809962,0.5,-0.0708850359202484,-0.2574899865154157,-0.17162497756433587
65100.0,66860.0,67450.0,66778.0,-0.0007981335952849111,0.0027295359788834794,0.0017673879787913904,0.004180451127819618,0.5,-0.15727889782281634,-0.10183886033380303,-0.24088224184338064
65565.0,66632.0,67296.0,66325.0,0.0071428571428571175,-0.0034101106790308533,-0.0022831727205336882,-0.006783671268980829,-0.5,0.13665637046946258,0.09149559252185184,0.2718480370086856
66044.0,66588.0,67298.0,66664.0,0.007305727141005081,-0.0006603433785568047,2.9719448407128368e-05,0.005111194873727909,-0.2934818666802806,0.5,-0.0011938742067545086,-0.20532425911296492
66043.0,66871.0,66638.0,66710.0,-1.5141420870889988e-05,0.004250015017720932,-0.009807126511932052,0.0006900276011041484,0.0007707700998627279,-0.4301597522180627,0.4992292299001373,-0.06984024778193733
65775.0,66753.0,66848.0,66219.0,-0.00405796223672461,-0.0017645915269698387,0.003151355082685603,-0.007360215859691155,0.15391159644957988,0.06692795131000157,-0.5,0.2791604522404186
65789.0,67020.0,66882.0,67060.0,0.00021284682630184903,0.0039998202327984345,0.0005086165629488715,0.012700282396291174,-0.006108716807598619,-0.11479508296176347,-0.014597326164979427,-0.3644988740656585
66720.0,67021.0,66796.0,67354.0,0.014151301889373524,1.4920919128691423e-05,-0.0012858467151102282,0.004384133611690988,-0.38142937981420566,-0.0004021733812200257,0.5,-0.1181684468045743
66317.0,67163.0,67015.0,67577.0,-0.00604016786570738,0.0021187389027319536,0.003278639439487474,0.0033108649820352554,0.5,-0.12165133792430469,-0.18824918628281925,-0.19009947579287606
66494.0,67532.0,67086.0,67950.0,0.002668998899226338,0.005494096451915453,0.0010594642990375824,0.005519629459727504,-0.09052247530296392,-0.18633923398199298,-0.035933072460914685,-0.18720521825412842
66467.0,68498.0,66835.0,67691.0,-0.0004060516738352282,0.014304329799206261,-0.003741466177741959,-0.003811626195732165,0.025508501380402646,-0.5,0.2350419941832055,0.23944950443639185
66146.0,68701.0,66987.0,66960.0,-0.004829464245414972,0.002963590177815334,0.002274257499812915,-0.01079907225480492,0.15450788515441038,-0.2829015236996428,-0.21709847630035722,0.3454921148455896
66435.0,69155.0,66767.0,66775.0,0.004369122849454232,0.0066083463122807995,-0.0032842193261378716,-0.0027628434886499686,-0.19900410491172243,-0.30099589508827757,0.27155492068863996,0.22844507931136004
66596.0,68106.0,66837.0,67066.0,0.00242342138932794,-0.01516882365700234,0.0010484221247022418,0.004357918382628334,-0.15475702973561534,0.5,-0.06695108603172682,-0.2782918842326578
66140.0,67488.0,68218.0,67075.0,-0.006847258093579223,-0.009074090388512035,0.02066220805841068,0.00013419616497190034,0.21503386165063829,0.28496613834936174,-0.49677357288475343,-0.0032264271152465857
65658.0,66860.0,67700.0,67548.0,-0.007287571817357175,-0.009305357989568552,-0.007593303820106145,0.0070518076779724215,0.1506553672170805,0.19236889325273798,0.1569757395301815,-0.5
65628.0,66897.0,67251.0,67618.0,-0.00045691309512929656,0.0005533951540532822,-0.006632200886262929,0.0010363001125126559,0.03222638938579767,-0.1740569924601736,0.4677736106142023,-0.3259430075398264
65843.0,67057.0,67125.0,67557.0,0.003276040714329298,0.00239173655021907,-0.0018735780880582142,-0.000902126652666424,-0.28900577434656355,-0.21099422565343642,0.3374959268126424,0.16250407318735757
65599.0,66868.0,66706.0,67753.0,-0.003705784973345727,-0.0028184976959899632,-0.006242085661080088,0.0029012537560875185,0.14513857337629535,0.11038760683705613,0.24447381978664853,-0.5
65511.0,66595.0,66512.0,67697.0,-0.0013414838640832816,-0.0040826703355865135,-0.002908284112373649,-0.00082653166649449,0.07323333667578118,0.22287824641599266,0.15876698576305984,0.045121431145166334
65393.0,67189.0,66470.0,67985.0,-0.0018012242218864438,0.008919588557699587,-0.0006314649987971821,0.0042542505576317335,0.37021256282384274,-0.33853413874317156,0.12978743717615726,-0.16146586125682846
65753.0,68009.0,66400.0,67043.0,0.005505176395026901,0.012204378692940887,-0.0010531066646607412,-0.013855997646539664,-0.1554295511005588,-0.3445704488994412,0.035317569811004645,0.46468243018899535
65644.0,67975.0,66862.0,66987.0,-0.0016577190394354568,-0.0004999338322868585,0.006957831325301145,-0.0008352848172068494,0.27693844839592496,0.08351891757321024,-0.5,0.1395426340308648
65469.0,68334.0,66888.0,66604.0,-0.0026658948266407023,0.005281353438764347,0.0003888606383297688,-0.0057175272814128375,0.15899800775149497,-0.465710233066804,-0.03428976693319602,0.341001992248505
65683.0,67035.0,66875.0,66336.0,0.0032687226015366555,-0.019009570638335194,-0.00019435474225570903,-0.004023782355414118,-0.5,0.4092003148650924,0.004183683221449395,0.08661600191345822
66229.0,67795.0,66726.0,66226.0,0.008312653197935616,0.011337361080032915,-0.0022280373831775613,-0.0016582247949831208,-0.2115177393854545,-0.28848226061454546,0.28665556787422697,0.213344432125773
66140.0,67441.0,66666.0,66394.0,-0.0013438221926950211,-0.005221624013570292,-0.0008991997122560491,0.0025367680367227585,0.09001245386339857,0.34975697913643433,0.060230567000167066,-0.5
66228.0,67415.0,66739.0,65700.0,0.0013305110371937268,-0.0003855221601103409,0.001095010950109554,-0.010452751754676637,-0.27427313464039177,0.017785219451981263,-0.2257268653596082,0.48221478054801875
66311.0,67640.0,66921.0,65030.0,0.0012532463610557265,0.003337536156641674,0.0027270411603410594,-0.01019786910197873,-0.08562971835580348,-0.22804158063127175,-0.18632870101292479,0.5
66190.0,67787.0,67026.0,64768.0,-0.0018247349610169827,0.002173270254287374,0.001569014210785813,-0.004028909733968966,0.15586314647522032,-0.2903667899341361,-0.20963321006586388,0.3441368535247797
66286.0,66968.0,66900.0,65131.0,0.001450370146547808,-0.012081962618201159,-0.0018798675140989651,0.005604619565217295,-0.10279037998660219,0.43267832740100565,0.06732167259899433,-0.3972096200133978
66066.0,67224.0,66563.0,64983.0,-0.0033189512114172315,0.0038227212997252735,-0.005037369207772757,-0.0022723434309315227,0.15613209986781584,-0.5,0.23697095320759287,0.1068969469245913
65787.0,67230.0,66312.0,64651.0,-0.004223049677595125,8.925383791513752e-05,-0.003770863693042692,-0.00510902851515016,0.1611489127558304,-0.5,0.1438937807215926,0.194957306522577
65658.0,67098.0,66395.0,64734.0,-0.0019608737288522304,-0.00196340919232485,0.0012516588249487093,0.0012838161822710248,0.24983847600163223,0.2501615239983678,-0.2468292571184149,-0.2531707428815851
65433.0,67081.0,66054.0,64580.0,-0.0034268482134698353,-0.0002533607559093154,-0.005135928910309562,-0.002378966231037838,0.1530511989694858,0.011315694494817546,0.22938281142864,0.10625029510705665
65398.0,67470.0,65325.0,64607.0,-0.000534898292910313,0.005798959466913223,-0.011036424743391726,0.0004180860947662346,0.02311309999868674,-0.4663758218740403,0.4768869000013133,-0.033624178125959706
65200.0,67440.0,65255.0,64950.0,-0.003027615523410465,-0.0004446420631392112,-0.0010715652506697593,0.00530902224217189,0.3331573029884233,0.04892819098238733,0.1179145060291894,-0.5
65098.0,67655.0,65132.0,64951.0,-0.0015644171779141125,0.0031880189798338954,-0.001884913033484037,1.539645881454277e-05,0.22677115295377773,-0.49759686823182714,0.27322884704622225,-0.0024031317681728367
64858.0,68349.0,64608.0,65184.0,-0.0036867492088851206,0.010257926243441018,-0.008045200515875428,0.0035873196717526312,0.15712431843720537,-0.3704494057481515,0.34287568156279463,-0.12955059425184853
64660.0,68977.0,65535.0,65581.0,-0.003052823090443746,0.009188137353874914,0.014348068350668708,0.006090451644575445,0.5,-0.15506537314693247,-0.24214794435956408,-0.10278668249350346
63800.0,69375.0,64853.0,66060.0,-0.013300340241262032,0.005770039288458539,-0.010406652933546923,0.0073039447400924384,0.280515123600638,-0.2206687447322072,0.21948487639936198,-0.2793312552677928
64112.0,68977.0,65132.0,65915.0,0.0048902821316614276,-0.005736936936936887,0.0043020369142521275,-0.0021949742658189386,-0.2659982811320829,0.36163648270190374,-0.23400171886791712,0.13836351729809626
63565.0,69552.0,65720.0,65880.0,-0.008531944097828759,0.008336112037345744,0.009027820426211308,-0.000530986877038564,0.47070556542298186,-0.24004101763357316,-0.25995898236642684,0.029294434577018136
63621.0,69719.0,65865.0,65266.0,0.0008809879650750752,0.0024010812054289232,0.0022063298843579826,-0.00931997571341836,-0.08025910254235602,-0.2187414928677507,-0.2009994045898933,0.5
63848.0,70128.0,66480.0,65504.0,0.003568004275317893,0.005866406574965177,0.009337280801639647,0.003646615389329755,-0.07957791524472213,-0.13083964289030076,-0.20825124717173982,-0.0813311946932373
63862.0,70350.0,66139.0,65947.0,0.00021927076807415347,0.0031656399726214257,-0.005129362214199795,0.006762945774303919,-0.010803797223090925,-0.15597579488546712,0.5,-0.33322040789144197
63839.0,70582.0,66203.0,65464.0,-0.00036015157683755294,0.003297796730632463,0.0009676590211524783,-0.0073240632629232305,0.023434507255966103,-0.38657026617289986,-0.11342973382710013,0.4765654927440339
63622.0,69545.0,65852.0,65030.0,-0.0033991760522564807,-0.01469213113825052,-0.005301874537407714,-0.006629597946963162,0.05660994899650822,0.24468305895313944,0.08829752932311188,0.11040946272724045
64039.0,68473.0,66190.0,64670.0,0.00655433655024984,-0.015414479833201544,0.005132721861143219,-0.005535906504690158,-0.28041001933644755,0.3678805627875774,-0.21958998066355243,0.13211943721242259
64168.0,67691.0,65933.0,64883.0,0.0020143974765376438,-0.011420559928731033,-0.0038827617464873843,0.0032936446574918232,-0.18974957485957863,0.3731399029279058,0.12686009707209422,-0.31025042514042134
64110.0,67622.0,65666.0,64782.0,-0.0009038773220296781,-0.0010193378735725567,-0.00404956546797508,-0.0015566481204629667,0.060022967741296486,0.06769025266121059,0.2689158490056193,0.10337093059187362
64475.0,67788.0,65547.0,64713.0,0.005693339572609535,0.0024548223950784376,-0.0018122011390978576,-0.001065110678892256,-0.3493634266959111,-0.15063657330408894,0.31491219126256065,0.18508780873743932
64144.0,67600.0,64985.0,64521.0,-0.005133772780147372,-0.002773352215731384,-0.008574000335637044,-0.00296694636317274,0.13198667869857392,0.07130147037890687,0.22043317379323238,0.07627867712928686
64381.0,67603.0,65249.0,64498.0,0.0036948116737340886,4.43786982249339e-05,0.004062475955989742,-0.00035647308628194985,-0.2367963149422169,-0.002844180740334358,-0.26035950431744875,0.5
63763.0,67488.0,64924.0,64232.0,-0.009599105326105528,-0.0017011079389968042,-0.004980919247804527,-0.0041241588886477,0.2352111797181742,0.041683010193797256,0.12204969656608433,0.10105611352194423
63453.0,67082.0,64911.0,64075.0,-0.004861753681602132,-0.0060158843053580435,-0.00020023411989400497,-0.002444264541038743,0.17977017272487447,0.2224457739929534,0.007403937894874265,0.09038011538729786
63616.0,67226.0,64839.0,64310.0,0.0025688304729485356,0.0021466265168004206,-0.0011092110736239391,0.0036675770581349187,-0.15321603480764726,-0.12803398534104085,0.5,-0.21874997985131192
63165.0,66812.0,64520.0,64583.0,-0.007089411468812923,-0.006158331597893696,-0.004919878468205852,0.004245062976208969,0.19511116122683692,0.16948645660796363,0.13540238216519945,-0.5
63359.0,66928.0,64542.0,64090.0,0.003071321143037986,0.0017362150511883723,0.00034097954122747076,-0.007633587786259555,-0.29827248287192587,-0.168613163521324,-0.03311435360675014,0.5
63334.0,67029.0,64639.0,64181.0,-0.0003945769346107575,0.0015090843891942818,0.0015028973381674415,0.0014198782961460932,0.5,-0.170254067275329,-0.16955604759577883,-0.1601898851288922
63646.0,66697.0,64354.0,64271.0,0.004926263934063924,-0.004953080010144828,-0.004409102863596304,0.0014022841650955797,-0.38920964626295423,0.26452591649524015,0.23547408350475985,-0.11079035373704575
63511.0,66274.0,64311.0,64475.0,-0.002121107375168907,-0.006342114337976268,-0.0006681791341641707,0.0031740598403635634,0.11614359125379495,0.34726951778954224,0.03658689095666281,-0.5
63539.0,66487.0,64798.0,64499.0,0.00044086851096669655,0.0032139300479825383,0.007572577008598813,0.00037223730127955434,-0.019003587272790428,-0.1385360910026378,-0.3264150749784544,-0.01604524674611736
63746.0,66629.0,65278.0,63802.0,0.003257841640567305,0.002135755862048283,0.007407636038149423,-0.01080636909099364,-0.1272471762269175,-0.08341992415211608,-0.2893328996209664,0.5
63576.0,66491.0,65245.0,64005.0,-0.002666833997427287,-0.0020711702111693153,-0.0005055301939397294,0.0031817184414282274,0.2542973682157327,0.1974975324055733,0.048205099378693994,-0.5
63657.0,66494.0,64965.0,64176.0,0.001274065685164194,4.511888827063437e-05,-0.004291516591309663,0.002671666276072182,-0.15962331507848498,-0.005652790591786699,0.5,-0.3347238943297283
63888.0,65844.0,65000.0,64081.0,0.003628823224468558,-0.009775318073811157,0.0005387516354959931,-0.0014803041635502723,-0.43536389223964944,0.4342415669105963,-0.06463610776035054,0.06575843308940373
63938.0,66056.0,65949.0,64121.0,0.0007826195842723926,0.003219731486543864,0.014599999999999946,0.0006242099842386217,-0.020352562843437758,-0.08373134117235619,-0.37968308420297253,-0.016233011781233535
64099.0,66082.0,65510.0,64188.0,0.002518064374863238,0.00039360542569943924,-0.006656658933418269,0.0010448994869076689,-0.31821310230019706,-0.04974074723598395,0.5,-0.13204615046381898
63904.0,65990.0,65670.0,64432.0,-0.003042169144604423,-0.0013922096788837601,0.0024423752098916562,0.003801333582601041,0.34302089037708594,0.15697910962291403,-0.19558689322829376,-0.30441310677170624
64260.0,66230.0,65679.0,64605.0,0.005570856284426551,0.0036369146840431466,0.00013704888076748745,0.0026850012416190783,-0.23154360494442008,-0.15116245938219006,-0.005696214421329043,-0.11159772125206079
65633.0,66279.0,65351.0,64352.0,0.02136632430750085,0.0007398459912426603,-0.004993985901125209,-0.003916105564584771,-0.4832660750088243,-0.016733924991175705,0.28024324555725955,0.21975675444274045
65461.0,66035.0,65632.0,64044.0,-0.0026206329133210415,-0.0036814073839376293,0.004299857691542508,-0.004786176031824962,0.11817197805057701,0.16600539142988893,-0.5,0.21582263051953404
65695.0,66183.0,65795.0,64086.0,0.0035746475000382194,0.002241235708336564,0.002483544612384092,0.0006557991380926609,-0.19958441681396819,-0.12513561736820525,-0.13866452652711966,-0.03661543929070692
65943.0,66004.0,65331.0,64083.0,0.0037750209300555504,-0.0027046220328482695,-0.00705220761456038,-4.6812096245685275e-05,-0.5,0.13793966076937214,0.359672854178148,0.0023874850524798928
65481.0,66081.0,64842.0,64144.0,-0.007006050680132825,0.001166595963880912,-0.007484961197593787,0.0009518905169858538,0.24173780061906736,-0.2753371273352678,0.25826219938093264,-0.22466287266473223
65821.0,67410.0,64813.0,63963.0,0.0051923458713214465,0.020111681118627045,-0.00044724098578086124,-0.002821776003991028,-0.10259920038387565,-0.39740079961612435,0.06840603569516315,0.4315939643048369
65846.0,66884.0,65008.0,64013.0,0.0003798179912186672,-0.007802996588043287,0.003008655670930116,0.00078170192142335,-0.04553980804967913,0.5,-0.3607348912096562,-0.09372530074066468
65385.0,66419.0,64782.0,64179.0,-0.0070011845822069985,-0.00695233538663953,-0.003476495200590679,0.0025932232515271103,0.20083701919213698,0.19943572392381376,0.09972725688404925,-0.5
66226.0,66293.0,64701.0,64241.0,0.012862277280721868,-0.0018970475315798208,-0.0012503473186996628,0.0009660480842643704,-0.4650699539254972,0.3013678965973027,0.1986321034026973,-0.03493004607450281
66496.0,65880.0,64580.0,64210.0,0.004076948630447275,-0.006229918694281467,-0.0018701411106474275,-0.00048255786802819944,-0.5,0.36293814612710007,0.10894934284094009,0.028112511031959834
66740.0,65716.0,64941.0,64261.0,0.003669393647738106,-0.0024893746205221223,0.005589965933725516,0.0007942688054820568,-0.18249101252353322,0.5,-0.2780073879090216,-0.03950159956744522
67096.0,65660.0,64740.0,64455.0,0.0053341324543003665,-0.000852151682999569,-0.0030951171062965077,0.003018938391870618,-0.31929170436436033,0.10794193763930815,0.39205806236069185,-0.18070829563563967
66841.0,65608.0,64645.0,64341.0,-0.003800524621437984,-0.0007919585744745605,-0.001467408093914102,-0.0017686758203397934,0.2427343706680687,0.05058132371670523,0.09372137156546034,0.11296293404976573
66075.0,66070.0,64864.0,64355.0,-0.011460032016277433,0.007041824167784316,0.0033877330033258435,0.00021759064981896614,0.5,-0.3306906359439372,-0.1590911040357009,-0.010218260020361868
65938.0,66086.0,65380.0,64025.0,-0.002073401437760136,0.00024216739821403266,0.00795510606808092,-0.005127806697226345,0.14396205462293785,-0.01477121625926973,-0.48522878374073025,0.3560379453770622
66270.0,66082.0,65318.0,63966.0,0.0050350329097030855,-6.0527191840908934e-05,-0.00094830223309883,-0.0009215150331901567,-0.5,0.015677821537495765,0.24563031460652848,0.23869186385597577
66220.0,65936.0,65375.0,63767.0,-0.0007544892108042323,-0.002209376229532989,0.0008726537860925809,-0.0031110277334833736,0.06209896941526975,0.1818448626433605,-0.5,0.25605616794136976
66739.0,65867.0,65454.0,63759.0,0.007837511325883506,-0.0010464693035671102,0.0012084130019121009,-0.00012545674094754933,-0.4332067703573982,0.4464741220084814,-0.06679322964260181,0.0535258779915186
66782.0,65952.0,65355.0,63582.0,0.0006443009334871075,0.001290479299193903,-0.0015125126042716541,-0.002776078671246407,-0.1665049400970736,-0.3334950599029264,0.17634142625178742,0.3236585737482126
66705.0,66150.0,65451.0,63677.0,-0.0011530053008295127,0.003002183406113579,0.0014689006196924037,0.0014941335598124272,0.5,-0.25164072919582736,-0.12312213247960878,-0.12523713832456385
66934.0,66232.0,65217.0,62785.0,0.003433026010044138,0.0012396069538926913,-0.0035751936563230835,-0.014008197622375373,-0.36735455540164164,-0.13264544459835834,0.10166393955682147,0.39833606044317854
66875.0,66095.0,64969.0,62891.0,-0.0008814653240505343,-0.0020684865321898283,-0.0038026894828036006,0.0016883013458628415,0.06526818764635677,0.15316129114023727,0.281570521213406,-0.5
67177.0,65746.0,64821.0,62451.0,0.004515887850467193,-0.005280278387169934,-0.0022780095122288957,-0.006996231575265188,-0.5,0.18139652072889292,0.07825780563193352,0.24034567363917358
66240.0,65500.0,64613.0,62506.0,-0.013948226327463287,-0.003741672497186155,-0.003208836642446089,0.0008806904613216648,0.33370981582652154,0.08951911236632744,0.07677107180715101,-0.5
66239.0,65590.0,64576.0,62553.0,-1.5096618357524072e-05,0.0013740458015267798,-0.0005726401807685244,0.0007519278149297204,0.012843009302780093,-0.32315683291897856,0.4871569906972199,-0.1768431670810214
65824.0,65246.0,64387.0,62420.0,-0.006265191201557996,-0.005244701936270801,-0.0029267839444995225,-0.002126196984956752,0.18913357597559044,0.15832704864399463,0.08835374623419058,0.06418562914622433
